"term";"variable";"var_class";"var_type";"var_nlevels";"contrasts";"contrasts_type";"reference_row";"n_obs";"n_event";"exposure";"estimate";"std.error";"statistic";"p.value";"conf.low";"conf.high"
"periodno-vax";"period";"factor";"categorical";9;"contr.treatment";"treatment";TRUE;106734;385;6139335.5;NA;NA;NA;NA;NA;NA
"periodV1 0-14D";"period";"factor";"categorical";9;"contr.treatment";"treatment";FALSE;92372;36;1030119.5;0.943223402857689;0.232580361729568;-0.251320091868601;0.801566642494452;0.597918243832019;1.48794654934193
"periodV1 14-59D";"period";"factor";"categorical";9;"contr.treatment";"treatment";FALSE;59104;46;897341;0.789041647090647;0.176560153988836;-1.34195722831114;0.179609864319776;0.558228044717082;1.11529101186426
"periodV1 60D+";"period";"factor";"categorical";9;"contr.treatment";"treatment";FALSE;8803;11;316314;0.419658842740112;0.310271642191911;-2.79855796952064;0.00513313544733502;0.228450797264519;0.770903609874696
"periodV1V2 0-13D";"period";"factor";"categorical";9;"contr.treatment";"treatment";FALSE;42559;13;543827;0.340403134205712;0.295011015849607;-3.65282859625429;0.000259367370222362;0.190932438047225;0.606886367566372
"periodV1V2 14-59D";"period";"factor";"categorical";9;"contr.treatment";"treatment";FALSE;34807;47;1347767;0.426837783492756;0.162516493608733;-5.23855282114437;1.61840657409103e-07;0.310404898221947;0.586944647009851
"periodV1V2 60-89D";"period";"factor";"categorical";9;"contr.treatment";"treatment";FALSE;26393;27;730570;0.441444800321943;0.21510574754316;-3.80139677194828;0.000143882682142345;0.289586332963365;0.672937530363122
"periodV1V2 90-120D";"period";"factor";"categorical";9;"contr.treatment";"treatment";FALSE;25810;20;648520;0.42063081076864;0.250752301131333;-3.45360644813789;0.000553143951881838;0.257312174788462;0.687609434389722
"periodV1V2 120D+";"period";"factor";"categorical";9;"contr.treatment";"treatment";FALSE;28849;30;913812;1.20174996047761;0.248839051048698;0.738544831006462;0.460183434945398;0.73790751320309;1.95715986308227
