"term";"estimate";"std.error";"statistic";"p.value"
"periodV3 14-60D";-1.01796660478422;0.0745621549184884;-13.6525909946817;0
"periodV3 60+";-1.22920769058878;0.0638121984332329;-19.2628951951077;0
