"term";"estimate";"std.error";"statistic";"p.value"
"periodV3 14-60D";-0.847024453841756;0.20495012158524;-4.1328321607727;3.6e-05
"periodV3 60+";-1.34694300406633;0.199276541866648;-6.75916488438302;1.4e-11
