"term";"variable";"var_class";"var_type";"var_nlevels";"contrasts";"contrasts_type";"reference_row";"n_obs";"n_event";"exposure";"estimate";"std.error";"statistic";"p.value";"conf.low";"conf.high"
"periodno-vax";"period";"factor";"categorical";9;"contr.treatment";"treatment";TRUE;106735;425;6139571.5;NA;NA;NA;NA;NA;NA
"periodV1 0-14D";"period";"factor";"categorical";9;"contr.treatment";"treatment";FALSE;92372;36;1030119.5;0.943223402851457;0.232580361729562;-0.251320091897016;0.801566642472485;0.597918243828074;1.48794654933208
"periodV1 14-59D";"period";"factor";"categorical";9;"contr.treatment";"treatment";FALSE;59104;45;897349;0.771612500488991;0.178114420861785;-1.45565303522262;0.145488558986497;0.544236900880212;1.09398287758132
"periodV1 60D+";"period";"factor";"categorical";9;"contr.treatment";"treatment";FALSE;8803;15;316314;0.506013511159927;0.267056091140443;-2.55074469653582;0.0107493035937148;0.299808234021813;0.854044834064725
"periodV1V2 0-13D";"period";"factor";"categorical";9;"contr.treatment";"treatment";FALSE;42560;12;543841;0.31123098640375;0.305342516076236;-3.82265770233311;0.000132020989846669;0.171070375350415;0.566227359351009
"periodV1V2 14-59D";"period";"factor";"categorical";9;"contr.treatment";"treatment";FALSE;34809;50;1347802;0.429553982696812;0.157332398173097;-5.37084458105527;7.83687304446012e-08;0.315570334311832;0.584708396158565
"periodV1V2 60-89D";"period";"factor";"categorical";9;"contr.treatment";"treatment";FALSE;26393;30;730570;0.431120547338062;0.203180834472644;-4.14097883773858;3.45826869133556e-05;0.289501542537878;0.642017050091371
"periodV1V2 90-120D";"period";"factor";"categorical";9;"contr.treatment";"treatment";FALSE;25810;22;648542;0.360342163813778;0.235907159707388;-4.3267073587599;1.51354833027801e-05;0.226939735162893;0.572162803172366
"periodV1V2 120D+";"period";"factor";"categorical";9;"contr.treatment";"treatment";FALSE;28852;39;913897;1.09370139361098;0.214936747234807;0.416716632811258;0.676885686931993;0.717702195151099;1.66668396232893
