"term";"estimate";"std.error";"statistic";"p.value"
"periodV3 14-60D";-1.15234742749276;0.137287122592531;-8.393703689988;0
"periodV3 60+";-1.3984225402678;0.115739513128627;-12.082498901768;0
